,Logistic,Logistic.1,Logistic.2,Logistic.3,Logistic.4,Random Forest,Random Forest.1,Random Forest.2,Random Forest.3,Random Forest.4,Accuracy (XGB),Precision (XGB),Recall (XGB),F1 (XGB),ROC_AUC (XGB),Accuracy (LGB),Precision (LGB),Recall (LGB),F1 (LGB),ROC_AUC (LGB)
,Accuracy,Precision,Recall,F1,ROC_AUC,Accuracy,Precision,Recall,F1,ROC_AUC,,,,,,,,,,
3m,0.4813860252004582,0.4928076718167288,0.5184977578475336,0.5053264135482108,0.483826112412178,0.5089,0.5102,0.9675,0.6681,0.4868,0.4991,0.5087,0.5723,0.5386,0.4968,0.5003,0.509,0.6183,0.5583,0.4996
6m,0.4848224513172967,0.493170731707317,0.5708639186900056,0.5291808427113321,0.4714505866515568,0.5011,0.5043,0.9503,0.659,0.4879,0.5086,0.5143,0.559,0.5357,0.5138,0.5029,0.508,0.629,0.5621,0.5147
