,Accuracy,Precision,Recall,F1,ROC_AUC
3m,0.47878609310548026,0.5160938352427714,0.5175054704595186,0.5167986888828189,0.4781887259628148
6m,0.47377725397760756,0.5012761613067892,0.5482970407593524,0.5237333333333334,0.464578036784045
