,Logistic,Logistic,Logistic,Logistic,Logistic,Random Forest,Random Forest,Random Forest,Random Forest,Random Forest
,Accuracy,Precision,Recall,F1,ROC_AUC,Accuracy,Precision,Recall,F1,ROC_AUC
3m,0.4813860252004582,0.4928076718167288,0.5184977578475336,0.5053264135482108,0.483826112412178,0.5089,0.5102,0.9675,0.6681,0.4868
6m,0.4848224513172967,0.493170731707317,0.5708639186900056,0.5291808427113321,0.4714505866515568,0.5011,0.5043,0.9503,0.659,0.4879
